Mode,Start_Run_ID,End_Run_ID,Start_Time,End_Time,Total_Runs_In_Block
tpc_bkg,054575,054575,2023-10-12 13:27:25.184,2023-10-12 14:43:33.195,1
background_linked,054581,054586,2023-10-12 14:45:48.488,2023-10-13 07:46:42.126,6
tpc_kr83m,054606,054715,2023-10-13 09:25:17.169,2023-10-15 08:58:22.261,46
background_linked,054716,055096,2023-10-15 08:59:41.827,2023-10-27 07:36:24.745,92
tpc_bkg,054719,054719,2023-10-15 15:55:40.537,2023-10-15 16:37:12.006,1
background_tpc_mv,054734,054735,2023-10-16 06:54:04.032,2023-10-16 07:44:21.780,2
tpc_bkg,054749,054749,2023-10-17 07:45:38.856,2023-10-17 08:29:56.487,1
background_tpc_mv,054753,054766,2023-10-17 08:31:19.935,2023-10-17 16:08:25.461,2
ambe_link_all,054759,054763,2023-10-17 09:11:25.387,2023-10-17 11:25:01.048,5
tpc_bkg,054788,054799,2023-10-18 14:12:44.647,2023-10-18 17:28:26.142,2
background_tpc_mv,054812,054996,2023-10-19 05:19:08.401,2023-10-25 09:50:24.236,14
background_tpc_nv,054819,054819,2023-10-19 08:52:35.272,2023-10-19 09:41:55.719,1
background_tpc_nv,054896,054910,2023-10-21 06:41:34.760,2023-10-21 18:59:50.401,2
background_tpc_nv,054939,054952,2023-10-22 20:46:55.638,2023-10-23 06:51:06.139,2
background_tpc_nv,054978,055008,2023-10-24 14:49:23.378,2023-10-25 16:26:35.485,3
tpc_bkg,055022,055061,2023-10-26 07:30:39.471,2023-10-26 14:37:28.121,2
tpc_kr83m,055097,055212,2023-10-27 07:38:35.898,2023-10-29 08:28:26.108,47
background_linked,055213,055473,2023-10-29 08:29:58.348,2023-11-04 09:08:19.725,48
background_tpc_nv,055217,055474,2023-10-29 17:45:04.440,2023-11-04 09:36:02.490,10
background_tpc_mv,055219,055466,2023-10-29 18:06:00.417,2023-11-03 15:04:25.330,11
tpc_bkg,055272,055272,2023-10-30 16:07:43.562,2023-10-30 16:08:54.596,1
ambe_link_all,055406,055410,2023-11-02 14:02:59.442,2023-11-02 16:10:15.482,5
tpc_bkg,055464,055464,2023-11-03 14:46:29.331,2023-11-03 14:49:52.186,1
tpc_kr83m,055484,055617,2023-11-04 12:31:12.921,2023-11-06 08:59:46.833,88
background_linked,055618,055874,2023-11-06 09:01:17.241,2023-11-16 08:20:51.460,76
background_tpc_nv,055619,055619,2023-11-06 09:13:44.182,2023-11-06 09:33:47.091,1
background_tpc_mv,055621,055621,2023-11-06 09:34:55.102,2023-11-06 10:11:54.448,1
tpc_bkg,055641,055641,2023-11-07 13:38:34.219,2023-11-07 15:09:33.656,1
background_tpc_nv,055657,055657,2023-11-08 13:00:45.818,2023-11-08 13:25:08.083,1
background_tpc_mv,055659,055677,2023-11-08 13:26:58.253,2023-11-09 14:19:38.832,3
background_tpc_nv,055675,055675,2023-11-09 13:29:45.315,2023-11-09 13:55:07.009,1
background_tpc_nv,055724,055724,2023-11-11 09:36:16.970,2023-11-11 09:53:40.116,1
background_tpc_mv,055726,055726,2023-11-11 09:55:07.435,2023-11-11 10:09:46.217,1
background_tpc_nv,055737,055737,2023-11-12 09:47:07.538,2023-11-12 10:05:18.655,1
background_tpc_mv,055739,055744,2023-11-12 10:06:21.663,2023-11-12 13:54:08.539,2
tpc_bkg,055758,055758,2023-11-13 16:18:30.604,2023-11-13 16:22:37.098,1
background_tpc_nv,055759,055759,2023-11-13 16:26:20.925,2023-11-13 16:45:37.222,1
background_tpc_mv,055762,055762,2023-11-13 16:52:52.521,2023-11-13 17:11:49.124,1
ambe_linked_hev,055780,055842,2023-11-14 09:39:41.563,2023-11-14 16:23:18.375,43
tpc_bkg,055851,055851,2023-11-14 17:03:16.846,2023-11-14 17:20:03.759,1
background_tpc_nv,055862,055862,2023-11-15 17:36:32.298,2023-11-15 17:54:04.783,1
background_tpc_mv,055864,055869,2023-11-15 17:56:17.841,2023-11-15 22:30:26.752,2
tpc_bkg,055895,055895,2023-11-16 09:38:03.535,2023-11-16 10:11:22.902,1
ambe_linked_hev,055902,056084,2023-11-16 10:12:22.320,2023-11-17 17:32:52.776,84
tpc_ambe_hev,055909,055909,2023-11-16 11:36:08.219,2023-11-16 11:51:09.222,1
background_linked,056094,056176,2023-11-17 18:39:00.437,2023-11-21 06:01:21.544,28
background_tpc_nv,056102,056115,2023-11-18 15:54:57.170,2023-11-19 14:57:24.147,2
background_tpc_mv,056104,056117,2023-11-18 16:16:42.423,2023-11-19 15:16:13.165,2
ambe_linked_hev,056135,056162,2023-11-20 11:32:40.531,2023-11-20 14:11:22.721,26
background_tpc_nv,056165,056165,2023-11-20 16:42:43.483,2023-11-20 17:32:54.676,1
background_tpc_mv,056167,056167,2023-11-20 17:39:51.527,2023-11-20 17:56:16.876,1
tpc_kr83m,056181,056245,2023-11-21 09:40:26.364,2023-11-22 09:39:09.887,44
ambe_linked_hev,056250,056392,2023-11-22 10:15:05.477,2023-11-24 07:38:52.358,48
tpc_bkg,056282,056282,2023-11-22 16:39:29.904,2023-11-22 17:05:02.638,1
background_linked,056285,056290,2023-11-22 17:09:48.932,2023-11-23 09:15:12.512,6
ambe_link,056394,056430,2023-11-24 07:52:25.774,2023-11-24 16:38:24.440,12
ambe_link_all,056432,056432,2023-11-24 17:19:23.254,2023-11-24 17:49:26.384,1
background_linked,056437,056548,2023-11-24 18:33:38.318,2023-12-01 09:39:23.473,48
tpc_bkg,056459,056466,2023-11-25 10:31:28.847,2023-11-25 12:23:29.188,2
background_tpc_nv,056481,056481,2023-11-26 09:33:42.219,2023-11-26 09:58:37.338,1
background_tpc_mv,056483,056483,2023-11-26 10:00:24.324,2023-11-26 10:20:55.122,1
tpc_bkg,056497,056497,2023-11-27 15:24:55.743,2023-11-27 15:56:07.776,1
tpc_bkg,056532,056532,2023-11-29 14:55:35.979,2023-11-29 15:27:02.416,1
tpc_bkg,056569,056569,2023-12-01 11:03:44.582,2023-12-01 11:17:04.245,1
background_tpc_mv,056570,056570,2023-12-01 11:18:48.849,2023-12-01 11:54:16.175,1
tpc_radon_hev,056578,056926,2023-12-01 13:06:14.230,2023-12-05 11:53:16.570,146
tpc_radon,056721,056721,2023-12-03 13:05:24.918,2023-12-03 13:20:25.657,1
tpc_bkg,056928,057444,2023-12-05 12:25:37.404,2023-12-12 14:31:30.753,63
background_tpc_nv,057440,057440,2023-12-12 09:41:07.865,2023-12-12 09:46:59.001,1
ambe_link_all,057452,057457,2023-12-12 14:33:07.350,2023-12-12 16:47:20.445,6
background_linked,057458,057644,2023-12-12 17:00:40.465,2023-12-22 14:30:54.206,79
background_tpc_nv,057464,057464,2023-12-13 10:50:52.480,2023-12-13 11:08:39.925,1
background_tpc_mv,057467,057467,2023-12-13 11:13:47.125,2023-12-13 11:36:54.464,1
tpc_bkg,057479,057479,2023-12-14 13:44:19.712,2023-12-14 14:02:50.645,1
background_tpc_nv,057512,057512,2023-12-15 11:50:55.790,2023-12-15 12:11:03.263,1
tpc_bkg,057534,057534,2023-12-17 13:33:41.155,2023-12-17 13:58:28.119,1
background_tpc_nv,057559,057559,2023-12-19 06:36:18.160,2023-12-19 06:57:13.501,1
background_tpc_nv,057580,057580,2023-12-20 14:54:17.083,2023-12-20 15:14:00.300,1
ambe_link_all,057618,057623,2023-12-21 14:04:50.003,2023-12-21 16:33:50.036,4
background_tpc_mv,057625,057625,2023-12-21 17:17:13.511,2023-12-21 17:47:48.736,1
tpc_kr83m,057645,057769,2023-12-22 14:33:21.869,2023-12-24 16:43:13.120,84
background_linked,057773,058026,2023-12-24 19:17:03.366,2024-01-08 09:51:58.639,112
background_tpc_nv,057779,057791,2023-12-25 12:43:45.461,2023-12-26 09:48:28.243,2
background_tpc_mv,057781,057781,2023-12-25 13:04:39.153,2023-12-25 13:23:58.569,1
background_tpc_nv,057805,057809,2023-12-27 10:30:54.446,2023-12-27 11:19:37.299,2
ambe_link_all,057822,057829,2023-12-28 09:04:12.326,2023-12-28 11:59:45.982,5
background_tpc_nv,057877,057877,2023-12-30 07:55:45.769,2023-12-30 08:15:23.399,1
background_tpc_mv,057879,057879,2023-12-30 08:16:30.001,2023-12-30 08:32:10.727,1
background_tpc_nv,057891,057892,2023-12-31 08:29:28.687,2023-12-31 08:56:35.425,2
background_tpc_nv,057906,057922,2024-01-01 10:24:48.761,2024-01-02 10:19:36.637,2
background_tpc_mv,057923,057923,2024-01-02 10:21:23.642,2024-01-02 10:39:54.997,1
ambe_link_all,057934,057940,2024-01-03 08:03:04.400,2024-01-03 10:27:48.708,6
background_tpc_nv,057941,057954,2024-01-03 10:30:00.096,2024-01-04 08:51:24.339,2
background_tpc_mv,057956,057956,2024-01-04 08:52:39.870,2024-01-04 09:10:26.032,1
background_tpc_mv,057988,057988,2024-01-05 09:30:49.927,2024-01-05 10:00:48.935,1
background_tpc_nv,058000,058000,2024-01-06 09:18:13.054,2024-01-06 09:37:46.875,1
background_tpc_mv,058002,058002,2024-01-06 09:38:45.623,2024-01-06 09:55:25.710,1
background_tpc_nv,058013,058013,2024-01-07 09:29:57.853,2024-01-07 09:50:52.648,1
tpc_kr83m,058030,058134,2024-01-08 10:11:59.160,2024-01-09 22:33:19.632,70
background_linked,058135,058408,2024-01-09 22:36:26.805,2024-01-24 09:53:14.721,115
tpc_bkg,058139,058139,2024-01-10 10:13:12.123,2024-01-10 11:11:33.222,1
ambe_link_all,058154,058162,2024-01-11 09:53:13.090,2024-01-11 12:53:28.395,6
background_tpc_nv,058164,058164,2024-01-11 14:24:20.430,2024-01-11 14:46:10.759,1
background_tpc_mv,058166,058166,2024-01-11 14:47:29.206,2024-01-11 15:05:40.953,1
tpc_bkg,058200,058200,2024-01-12 10:33:37.931,2024-01-12 11:10:16.900,1
background_tpc_nv,058214,058227,2024-01-13 12:14:51.792,2024-01-14 10:44:11.436,2
background_tpc_mv,058229,058229,2024-01-14 10:47:18.908,2024-01-14 11:17:42.029,1
background_tpc_nv,058240,058240,2024-01-15 10:37:13.055,2024-01-15 11:00:05.728,1
background_tpc_mv,058242,058242,2024-01-15 11:01:48.860,2024-01-15 11:31:55.890,1
background_tpc_nv,058253,058253,2024-01-16 10:56:55.449,2024-01-16 11:18:31.493,1
background_tpc_mv,058255,058255,2024-01-16 11:19:51.461,2024-01-16 11:41:54.843,1
background_tpc_nv,058267,058280,2024-01-17 12:30:39.412,2024-01-18 11:17:53.415,2
background_tpc_mv,058269,058282,2024-01-17 12:55:53.919,2024-01-18 11:44:59.920,2
ambe_link_all,058287,058292,2024-01-18 13:11:10.556,2024-01-18 15:29:57.340,5
ambe_linked_hev,058295,058299,2024-01-18 15:32:59.624,2024-01-18 16:19:02.493,3
background_tpc_mv,058334,058346,2024-01-19 11:52:25.472,2024-01-20 09:36:28.394,4
background_tpc_nv,058370,058370,2024-01-21 15:19:40.207,2024-01-21 15:40:14.552,1
background_tpc_mv,058372,058372,2024-01-21 15:43:08.818,2024-01-21 16:01:11.852,1
background_tpc_nv,058384,058395,2024-01-22 16:32:51.331,2024-01-23 08:58:31.909,2
background_tpc_mv,058386,058397,2024-01-22 16:57:49.939,2024-01-23 09:27:44.923,2
tpc_kr83m,058410,058514,2024-01-24 10:07:54.823,2024-01-25 21:03:19.803,66
ambe_link_all,058481,058486,2024-01-25 10:02:51.790,2024-01-25 11:01:25.569,3
background_linked,058515,058595,2024-01-25 21:04:26.604,2024-01-30 11:51:18.797,37
tpc_bkg,058537,058544,2024-01-26 09:55:17.225,2024-01-26 11:10:49.898,2
background_tpc_nv,058554,058554,2024-01-27 10:18:40.836,2024-01-27 10:34:40.200,1
background_tpc_mv,058556,058556,2024-01-27 10:36:47.409,2024-01-27 10:53:43.082,1
tpc_bkg,058567,058567,2024-01-28 08:58:31.404,2024-01-28 09:20:34.819,1
tpc_bkg,058579,058591,2024-01-29 09:00:45.426,2024-01-30 08:50:13.468,2
tpc_kr83m,058600,058999,2024-01-30 16:37:24.769,2024-02-05 19:59:15.242,246
ambe_link_all,058716,058717,2024-02-01 09:35:26.792,2024-02-01 10:12:20.602,2
ambe_linked_hev,058720,058727,2024-02-01 10:15:15.994,2024-02-01 11:39:58.272,7
background_linked,059000,059124,2024-02-05 20:00:42.807,2024-02-13 08:37:05.310,62
background_tpc_nv,059005,059018,2024-02-06 09:11:48.662,2024-02-07 08:21:50.026,2
background_tpc_mv,059007,059039,2024-02-06 09:36:24.177,2024-02-08 08:58:18.294,3
tpc_bkg,059023,059023,2024-02-07 09:03:38.578,2024-02-07 09:05:13.475,1
background_tpc_nv,059037,059037,2024-02-08 08:17:39.043,2024-02-08 08:38:58.403,1
background_tpc_nv,059081,059081,2024-02-10 07:56:07.923,2024-02-10 08:15:22.293,1
background_tpc_mv,059083,059083,2024-02-10 08:16:44.329,2024-02-10 08:37:41.424,1
background_tpc_nv,059094,059094,2024-02-11 08:02:43.844,2024-02-11 08:23:06.896,1
background_tpc_mv,059096,059096,2024-02-11 08:24:18.532,2024-02-11 08:39:09.724,1
background_tpc_nv,059109,059109,2024-02-12 14:04:24.134,2024-02-12 14:11:21.789,1
tpc_bkg,059111,059111,2024-02-12 14:12:45.964,2024-02-12 14:23:47.345,1
background_tpc_mv,059114,059114,2024-02-12 14:25:33.337,2024-02-12 14:50:41.478,1
ambe_link_all,059134,059136,2024-02-13 09:03:46.911,2024-02-13 09:47:01.027,3
ambe_linked_hev,059138,059344,2024-02-13 09:48:45.167,2024-02-15 10:07:33.402,100
background_linked,059353,059453,2024-02-15 12:01:26.444,2024-02-21 08:33:01.738,48
tpc_bkg,059354,059354,2024-02-15 14:31:48.364,2024-02-15 14:50:39.883,1
background_tpc_mv,059388,059388,2024-02-16 11:07:58.764,2024-02-16 11:28:26.769,1
tpc_bkg,059399,059411,2024-02-17 08:31:18.258,2024-02-18 08:16:20.716,2
background_tpc_nv,059425,059442,2024-02-19 13:53:52.696,2024-02-20 13:53:30.835,2
background_tpc_mv,059427,059444,2024-02-19 14:22:53.214,2024-02-20 14:27:44.759,2
ambe_link_all,059437,059439,2024-02-20 09:14:54.854,2024-02-20 10:10:50.519,3
tpc_radon_hev,059464,060383,2024-02-21 10:15:13.800,2024-03-05 10:53:54.695,494
tpc_radon,059852,059889,2024-02-26 07:56:59.751,2024-02-26 20:23:46.830,22
ambe_link_all,060003,060005,2024-02-28 12:34:45.149,2024-02-28 13:26:56.019,3
background_linked,060387,060403,2024-03-05 10:57:26.429,2024-03-06 18:54:30.835,11
background_tpc_nv,060395,060395,2024-03-06 08:56:36.610,2024-03-06 09:21:20.286,1
background_tpc_mv,060397,060397,2024-03-06 09:23:16.577,2024-03-06 09:47:43.212,1
tpc_kr83m,060410,060587,2024-03-06 22:30:44.720,2024-03-09 07:55:35.662,108
ambe_link_all,060541,060543,2024-03-08 14:57:24.942,2024-03-08 15:48:49.723,3
background_linked,060588,060748,2024-03-09 07:57:10.949,2024-03-19 14:51:02.753,80
background_tpc_nv,060589,060602,2024-03-09 08:57:27.731,2024-03-10 08:38:07.688,2
background_tpc_mv,060591,060604,2024-03-09 09:21:01.316,2024-03-10 08:59:46.949,2
background_tpc_nv,060617,060617,2024-03-11 10:34:37.182,2024-03-11 10:56:49.997,1
background_tpc_mv,060619,060619,2024-03-11 10:59:11.811,2024-03-11 11:19:54.600,1
background_tpc_nv,060630,060642,2024-03-12 10:56:00.617,2024-03-13 08:39:40.976,2
background_tpc_mv,060632,060644,2024-03-12 11:43:40.786,2024-03-13 09:00:33.719,2
background_tpc_nv,060655,060655,2024-03-14 08:22:08.512,2024-03-14 08:58:37.795,1
background_tpc_mv,060657,060657,2024-03-14 09:00:10.632,2024-03-14 09:23:29.415,1
ambe_link_all,060694,060696,2024-03-15 15:03:40.776,2024-03-15 15:53:43.833,3
background_tpc_nv,060703,060703,2024-03-16 08:12:26.221,2024-03-16 08:34:37.174,1
background_tpc_mv,060705,060705,2024-03-16 08:37:12.007,2024-03-16 08:57:53.566,1
background_tpc_nv,060716,060716,2024-03-17 08:41:28.595,2024-03-17 09:03:08.295,1
background_tpc_mv,060718,060718,2024-03-17 09:04:29.110,2024-03-17 09:24:50.859,1
background_tpc_nv,060731,060742,2024-03-18 13:36:54.941,2024-03-19 09:10:23.305,2
background_tpc_mv,060733,060744,2024-03-18 14:09:47.405,2024-03-19 09:36:29.626,2
tpc_kr83m,060750,060922,2024-03-19 14:55:02.272,2024-03-21 20:59:26.777,88
ambe_link_all,060863,060864,2024-03-21 09:11:56.623,2024-03-21 09:51:29.839,2
th232_tpc_nv,060865,060887,2024-03-21 09:56:03.388,2024-03-21 15:40:02.727,20
background_linked,060923,061118,2024-03-21 21:02:36.489,2024-04-03 07:54:30.765,98
background_tpc_nv,060930,060941,2024-03-22 16:27:44.650,2024-03-23 11:25:47.137,2
background_tpc_mv,060932,060943,2024-03-22 16:50:52.350,2024-03-23 11:51:03.731,2
background_tpc_nv,060955,060983,2024-03-24 11:59:38.489,2024-03-26 09:22:39.535,4
background_tpc_mv,060957,060984,2024-03-24 12:22:25.227,2024-03-26 09:55:38.227,3
background_tpc_nv,060995,060995,2024-03-27 09:13:42.764,2024-03-27 09:35:20.348,1
background_tpc_mv,060997,060997,2024-03-27 09:36:53.227,2024-03-27 09:53:05.591,1
ambe_link_all,061010,061014,2024-03-28 08:55:58.204,2024-03-28 10:20:15.009,5
background_tpc_nv,061016,061016,2024-03-28 12:59:57.555,2024-03-28 13:22:27.253,1
background_tpc_nv,061066,061066,2024-03-30 11:05:50.099,2024-03-30 11:34:23.884,1
background_tpc_nv,061081,061093,2024-03-31 11:22:32.281,2024-04-01 08:03:38.774,2
background_tpc_nv,061106,061106,2024-04-02 07:41:13.915,2024-04-02 08:03:55.641,1
tpc_kr83m,061121,061285,2024-04-03 07:57:06.747,2024-04-05 22:24:13.134,63
ambe_link_all,061248,061249,2024-04-05 12:15:23.575,2024-04-05 12:50:54.157,2
th232_tpc_nv,061252,061273,2024-04-05 13:03:49.238,2024-04-05 18:44:54.521,21
background_linked,061286,061463,2024-04-05 22:26:07.649,2024-04-17 07:56:23.461,92
background_tpc_nv,061292,061316,2024-04-06 14:30:32.423,2024-04-08 08:32:54.186,3
background_tpc_mv,061333,061333,2024-04-09 07:43:26.259,2024-04-09 08:00:09.639,1
background_tpc_nv,061345,061345,2024-04-10 07:51:55.179,2024-04-10 08:11:34.830,1
ambe_link_all,061360,061362,2024-04-11 12:31:59.051,2024-04-11 13:53:16.246,3
background_tpc_nv,061364,061364,2024-04-11 15:18:54.328,2024-04-11 15:40:28.235,1
background_tpc_mv,061366,061366,2024-04-11 15:41:43.905,2024-04-11 15:58:30.608,1
tpc_bkg,061439,061451,2024-04-15 10:02:41.078,2024-04-16 10:12:04.395,2
tpc_kr83m,061464,061596,2024-04-17 08:03:10.105,2024-04-18 19:56:27.433,49
ambe_link_all,061536,061539,2024-04-18 08:35:24.407,2024-04-18 10:15:07.110,3
th232_tpc_nv,061547,061568,2024-04-18 11:04:01.932,2024-04-18 16:41:09.914,20
background_linked,061597,061750,2024-04-18 19:58:11.910,2024-05-01 08:35:47.722,93
tpc_bkg,061604,061604,2024-04-19 14:36:51.535,2024-04-19 14:59:33.404,1
ambe_link_all,061691,061693,2024-04-26 11:17:06.074,2024-04-26 12:32:42.614,3
tpc_bkg,061726,061726,2024-04-29 08:56:25.621,2024-04-29 09:36:02.044,1
tpc_kr83m,061751,062173,2024-05-01 08:38:45.711,2024-05-07 07:52:15.035,250
ambe_link_all,061814,061815,2024-05-02 07:20:15.454,2024-05-02 08:24:38.944,2
th232_tpc_nv,061821,061842,2024-05-02 09:00:01.316,2024-05-02 14:49:07.423,20
background_linked,062174,062174,2024-05-07 07:53:36.192,2024-05-07 10:53:38.555,1
background_linked,062180,062419,2024-05-09 17:28:52.547,2024-05-22 12:31:51.482,118
tpc_bkg,062241,062280,2024-05-10 13:24:04.675,2024-05-13 08:43:24.172,4
tpc_bkg,062292,062305,2024-05-14 08:26:04.733,2024-05-15 08:39:28.142,2
ambe_link_all,062317,062318,2024-05-16 07:41:29.330,2024-05-16 08:45:38.840,2
tpc_bkg,062320,062320,2024-05-16 10:01:49.776,2024-05-16 10:23:08.729,1
tpc_bkg,062377,062414,2024-05-19 08:55:59.650,2024-05-22 07:57:44.046,4
tpc_kr83m,062422,062611,2024-05-22 12:34:24.545,2024-05-25 05:36:52.404,118
ambe_link_all,062468,062469,2024-05-23 07:13:23.536,2024-05-23 08:19:56.876,2
background_linked,062612,062801,2024-05-25 05:38:47.463,2024-06-05 07:33:38.226,114
tpc_bkg,062614,062614,2024-05-25 08:48:33.468,2024-05-25 09:08:04.709,1
tpc_bkg,062627,062627,2024-05-26 09:23:17.800,2024-05-26 09:44:17.172,1
tpc_bkg,062651,062663,2024-05-28 08:33:43.921,2024-05-29 07:58:21.991,2
tpc_bkg,062679,062710,2024-05-30 15:48:54.077,2024-05-31 09:42:32.100,2
ambe_link_all,062718,062721,2024-05-31 12:17:23.877,2024-05-31 13:35:10.124,3
tpc_bkg,062731,062742,2024-06-01 13:01:17.565,2024-06-02 09:43:29.263,2
tpc_bkg,062762,062782,2024-06-03 09:46:13.900,2024-06-04 08:30:12.673,2
tpc_kr83m,062804,062949,2024-06-05 07:35:55.686,2024-06-06 20:57:07.246,51
th232_tpc_nv,062908,062931,2024-06-06 08:35:17.361,2024-06-06 14:31:40.362,21
ambe_link_all,062932,062933,2024-06-06 14:39:11.747,2024-06-06 15:42:50.517,2
background_linked,062952,063060,2024-06-06 20:58:34.914,2024-06-12 00:41:46.940,83
tpc_bkg,062960,062960,2024-06-07 08:18:53.045,2024-06-07 08:39:28.630,1
tpc_bkg,062984,063024,2024-06-08 09:40:46.336,2024-06-10 08:02:07.693,3
background_tpc_nv,063045,063045,2024-06-11 07:09:33.801,2024-06-11 07:31:56.753,1
background_linked,063062,063140,2024-06-13 09:21:06.031,2024-06-16 04:25:40.821,44
tpc_bkg,063090,063090,2024-06-14 08:06:25.363,2024-06-14 08:07:54.015,1
background_tpc_mv,063098,063124,2024-06-14 08:58:18.912,2024-06-15 08:14:48.081,2
ambe_link_all,063108,063109,2024-06-14 13:26:23.109,2024-06-14 14:31:12.656,2
background_tpc_nv,063122,063122,2024-06-15 07:32:46.252,2024-06-15 07:54:41.721,1
background_linked,063162,063205,2024-06-17 04:36:58.535,2024-06-19 07:14:42.250,34
background_tpc_nv,063165,063165,2024-06-17 08:08:20.175,2024-06-17 08:19:02.982,1
tpc_kr83m,063206,063344,2024-06-19 07:17:26.964,2024-06-21 05:42:46.452,66
ambe_link_all,063307,063308,2024-06-20 12:40:00.901,2024-06-20 13:44:34.986,2
background_linked,063348,063766,2024-06-21 06:55:33.410,2024-07-08 07:12:24.063,263
tpc_bkg,063370,063370,2024-06-21 13:05:03.530,2024-06-21 13:50:26.389,1
tpc_bkg,063455,063492,2024-06-25 14:10:20.597,2024-06-27 09:22:20.806,3
tpc_bkg,063534,063534,2024-06-28 09:02:46.496,2024-06-28 09:19:25.656,1
background_tpc_mv,063537,063537,2024-06-28 09:20:39.468,2024-06-28 09:28:06.738,1
ambe_link_all,063539,063541,2024-06-28 09:29:44.404,2024-06-28 10:36:47.801,3
tpc_bkg,063577,063577,2024-06-30 14:53:14.367,2024-06-30 15:11:13.504,1
background_tpc_nv,063615,063615,2024-07-02 07:42:55.856,2024-07-02 07:50:39.010,1
background_tpc_nv,063640,063640,2024-07-03 11:55:26.761,2024-07-03 12:22:29.652,1
ambe_link_all,063710,063711,2024-07-05 09:49:34.685,2024-07-05 10:28:28.043,2
tpc_kr83m,063768,064012,2024-07-08 07:14:43.521,2024-07-11 07:17:56.801,140
background_linked,064013,064163,2024-07-11 07:19:27.272,2024-07-17 12:53:16.583,99
tpc_bkg,064054,064054,2024-07-12 09:13:07.695,2024-07-12 09:40:42.768,1
ambe_link_all,064062,064062,2024-07-12 12:31:49.894,2024-07-12 13:01:52.798,1
tpc_bkg,064097,064097,2024-07-14 09:27:48.135,2024-07-14 09:47:27.219,1
tpc_bkg,064118,064137,2024-07-15 10:24:43.687,2024-07-16 09:55:14.167,2
tpc_kr83m,064165,064328,2024-07-17 12:57:04.214,2024-07-19 09:00:23.171,78
ambe_link_all,064243,064243,2024-07-18 13:12:54.042,2024-07-18 13:42:57.330,1
background_linked,064329,064424,2024-07-19 09:01:49.465,2024-07-24 08:22:50.491,80
tpc_bkg,064346,064346,2024-07-20 09:30:08.684,2024-07-20 09:53:55.500,1
tpc_bkg,064366,064385,2024-07-21 09:31:22.902,2024-07-22 08:45:03.788,2
tpc_bkg,064406,064406,2024-07-23 09:36:43.312,2024-07-23 10:02:54.141,1
background_linked,064445,064591,2024-07-25 07:53:27.808,2024-07-31 07:13:58.319,93
tpc_bkg,064447,064447,2024-07-25 09:47:26.795,2024-07-25 10:09:06.053,1
tpc_bkg,064512,064512,2024-07-27 09:35:29.544,2024-07-27 09:56:52.501,1
tpc_bkg,064536,064552,2024-07-28 14:11:05.880,2024-07-29 08:49:40.804,2
tpc_bkg,064572,064572,2024-07-30 08:27:15.083,2024-07-30 09:10:02.978,1
tpc_kr83m,064594,064771,2024-07-31 07:17:17.620,2024-08-02 04:05:33.315,72
th232_tpc_nv,064679,064703,2024-08-01 07:41:25.891,2024-08-01 13:20:28.614,21
ambe_link_all,064704,064704,2024-08-01 13:34:50.946,2024-08-01 14:04:51.781,1
background_linked,064772,065018,2024-08-02 04:07:40.860,2024-08-13 07:11:23.958,176
tpc_bkg,064798,064798,2024-08-03 12:38:06.084,2024-08-03 13:02:20.589,1
tpc_bkg,064858,064858,2024-08-06 12:04:50.971,2024-08-06 12:48:18.190,1
ambe_link_all,064875,064875,2024-08-07 07:50:18.122,2024-08-07 08:20:21.719,1
tpc_bkg,064897,064897,2024-08-08 08:35:28.212,2024-08-08 09:13:39.593,1
tpc_bkg,064938,064938,2024-08-09 08:45:30.806,2024-08-09 09:11:23.305,1
background_tpc_nv,064961,064961,2024-08-10 13:05:31.555,2024-08-10 13:13:51.111,1
tpc_bkg,064978,064978,2024-08-11 07:05:59.841,2024-08-11 07:43:43.399,1
background_tpc_nv,064999,064999,2024-08-12 08:49:55.414,2024-08-12 08:54:58.426,1
tpc_kr83m,065019,065211,2024-08-13 07:15:15.709,2024-08-15 10:02:45.768,96
background_linked,065212,065274,2024-08-15 10:04:24.433,2024-08-18 11:57:58.731,50
tpc_bkg,065232,065232,2024-08-16 08:39:20.646,2024-08-16 09:02:03.760,1
background_tpc_nv,065257,065257,2024-08-17 15:50:43.694,2024-08-17 15:56:30.953,1
background_tpc_nv,065279,065279,2024-08-18 16:44:52.375,2024-08-18 16:48:59.361,1
background_linked,065305,065330,2024-08-19 13:39:42.766,2024-08-20 22:08:37.591,22
background_tpc_mv,065332,065355,2024-08-21 04:26:58.584,2024-08-22 09:41:22.638,20
tpc_bkg,065339,065360,2024-08-21 14:55:53.140,2024-08-22 13:59:35.560,2
background_linked,065357,065517,2024-08-22 10:28:30.565,2024-08-29 07:19:46.814,93
background_tpc_mv,065400,065400,2024-08-23 09:41:49.754,2024-08-23 10:14:12.711,1
tpc_bkg,065424,065424,2024-08-24 13:54:09.817,2024-08-24 14:14:16.685,1
background_tpc_nv,065444,065444,2024-08-25 13:53:43.826,2024-08-25 14:30:06.841,1
background_tpc_nv,065465,065465,2024-08-26 14:40:05.837,2024-08-26 15:08:49.305,1
background_tpc_nv,065502,065502,2024-08-28 14:21:41.700,2024-08-28 14:44:48.727,1
tpc_kr83m,065518,065707,2024-08-29 07:23:15.337,2024-08-31 11:11:54.836,97
background_linked,065710,065777,2024-08-31 11:13:13.480,2024-09-04 09:02:42.289,63
background_tpc_nv,065741,065741,2024-09-02 08:57:39.862,2024-09-02 09:03:14.969,1
tpc_bkg,065743,065743,2024-09-02 09:04:13.449,2024-09-02 09:20:44.411,1
tpc_bkg,065778,065778,2024-09-04 09:04:26.415,2024-09-04 09:24:05.808,1
background_linked,065857,065858,2024-09-06 10:39:06.294,2024-09-06 11:35:34.795,2
background_linked,065918,066032,2024-09-07 13:26:38.587,2024-09-10 12:16:02.717,63
tpc_radon_hev,066040,066318,2024-09-10 13:48:01.056,2024-09-13 22:04:08.939,126
tpc_radon,066341,066489,2024-09-14 19:10:15.466,2024-09-16 14:26:21.121,71
tpc_radon_hev,066492,067030,2024-09-16 14:27:40.661,2024-09-25 08:23:56.632,214
tpc_radon,066928,066928,2024-09-22 14:35:40.150,2024-09-22 15:14:31.093,1
tpc_kr83m,067031,067249,2024-09-25 08:26:19.729,2024-09-27 22:10:42.884,116
background_linked,067251,067747,2024-09-27 22:12:12.868,2024-10-21 09:23:38.749,350
background_tpc_nv,067325,067325,2024-10-02 08:13:49.966,2024-10-02 08:23:49.141,1
tpc_bkg,067385,067389,2024-10-04 10:01:40.496,2024-10-04 12:49:21.711,2
background_tpc_nv,067446,067446,2024-10-07 09:48:20.519,2024-10-07 09:54:23.411,1
tpc_bkg,067448,067448,2024-10-07 09:57:53.638,2024-10-07 10:12:40.838,1
tpc_bkg,067486,067486,2024-10-09 12:42:23.661,2024-10-09 13:05:42.808,1
tpc_bkg,067541,067541,2024-10-11 10:17:19.627,2024-10-11 10:54:46.788,1
tpc_bkg,067598,067598,2024-10-14 13:24:03.942,2024-10-14 13:47:03.047,1
tpc_bkg,067631,067631,2024-10-16 08:29:28.060,2024-10-16 08:48:19.057,1
tpc_kr83m,067750,067992,2024-10-21 09:27:43.657,2024-10-24 07:41:51.781,130
background_linked,067993,068400,2024-10-24 07:43:14.680,2024-11-12 09:10:46.610,300
background_tpc_mv,068032,068032,2024-10-25 10:06:54.556,2024-10-25 10:27:09.678,1
tpc_bkg,068086,068086,2024-10-28 13:50:50.065,2024-10-28 14:21:21.179,1
tpc_bkg,068122,068122,2024-10-30 12:24:30.977,2024-10-30 12:46:09.674,1
background_tpc_nv,068272,068272,2024-11-06 12:45:47.877,2024-11-06 13:05:50.888,1
background_tpc_mv,068274,068274,2024-11-06 13:15:30.125,2024-11-06 13:35:33.402,1
background_tpc_mv,068332,068332,2024-11-08 10:52:27.261,2024-11-08 10:57:18.220,1
background_tpc_nv,068384,068384,2024-11-11 15:03:53.204,2024-11-11 15:27:04.455,1
tpc_kr83m,068404,068639,2024-11-12 09:42:08.316,2024-11-14 20:54:02.419,112
background_linked,068640,069054,2024-11-14 20:55:37.415,2024-12-05 16:54:43.751,320
background_tpc_nv,068697,068697,2024-11-18 10:32:03.936,2024-11-18 10:57:14.926,1
background_tpc_mv,068699,068699,2024-11-18 10:59:14.394,2024-11-18 11:17:45.406,1
tpc_bkg,068760,068794,2024-11-21 14:38:59.170,2024-11-22 12:44:07.335,2
tpc_bkg,068849,068849,2024-11-25 11:24:07.856,2024-11-25 11:53:59.093,1
tpc_bkg,068883,068883,2024-11-27 09:20:57.252,2024-11-27 10:22:56.187,1
tpc_bkg,068938,068938,2024-11-29 10:47:22.628,2024-11-29 11:34:25.628,1
tpc_bkg,069031,069031,2024-12-04 11:03:22.565,2024-12-04 11:26:17.585,1
tpc_kr83m,069056,069268,2024-12-05 16:57:51.775,2024-12-08 09:18:10.280,102
background_linked,069271,069732,2024-12-08 09:19:57.468,2024-12-30 09:39:54.121,332
tpc_bkg,069298,069298,2024-12-09 14:53:10.814,2024-12-09 15:15:34.152,1
tpc_bkg,069334,069334,2024-12-11 14:36:25.351,2024-12-11 15:04:40.466,1
background_tpc_mv,069387,069387,2024-12-13 10:07:05.914,2024-12-13 10:58:48.988,1
tpc_bkg,069442,069442,2024-12-16 10:12:05.548,2024-12-16 11:12:12.745,1
tpc_bkg,069478,069478,2024-12-18 09:14:01.374,2024-12-18 09:37:52.651,1
background_tpc_mv,069539,069539,2024-12-20 11:40:30.265,2024-12-20 11:59:33.393,1
tpc_bkg,069629,069629,2024-12-25 15:50:38.174,2024-12-25 16:25:21.235,1
tpc_kr83m,069734,069971,2024-12-30 10:12:52.718,2025-01-02 09:02:34.216,137
tpc_bkg,069995,070020,2025-01-02 10:29:49.843,2025-01-03 15:14:53.141,8
background_linked,069998,070179,2025-01-02 10:46:35.008,2025-01-10 09:15:08.546,109
tpc_bkg,070069,070117,2025-01-06 10:47:55.376,2025-01-08 16:59:32.860,12
th232_tpc_nv,070133,070138,2025-01-09 08:38:50.504,2025-01-09 09:46:04.699,4
tpc_radon_hev,070183,070472,2025-01-10 10:10:09.245,2025-01-14 06:13:44.425,159
tpc_radon,070478,070683,2025-01-14 07:17:42.455,2025-01-17 08:55:39.507,130
tpc_radon_hev,070529,070531,2025-01-15 06:58:14.235,2025-01-15 09:16:52.548,3
tpc_kr83m,070697,070995,2025-01-17 11:07:22.117,2025-01-21 05:54:03.945,174
tpc_radon,070999,071002,2025-01-21 07:15:47.205,2025-01-21 10:16:46.956,2
neutron_generator_TPC_NV_linked,071009,071087,2025-01-21 11:29:50.882,2025-01-23 01:41:43.372,30
background_linked,071013,071182,2025-01-21 12:55:27.221,2025-01-27 09:31:30.321,81
tpc_bkg,071042,071103,2025-01-22 11:03:17.701,2025-01-23 17:34:13.834,4
ambe_linked_hev,071184,071438,2025-01-27 09:56:58.306,2025-01-30 11:15:13.610,88
ambe_link,071206,071218,2025-01-27 14:49:51.482,2025-01-27 17:48:05.082,11
ambe_link,071439,071458,2025-01-30 11:16:28.823,2025-01-30 15:29:58.064,14
background_linked,071459,071545,2025-01-30 15:36:41.700,2025-02-03 13:38:25.376,62
tpc_bkg,071541,071541,2025-02-03 10:35:51.218,2025-02-03 10:53:22.441,1
ambe_linked_hev,071548,071890,2025-02-03 14:03:07.862,2025-02-06 16:45:51.610,179
background_linked,071893,072030,2025-02-06 16:54:50.817,2025-02-11 09:15:07.913,68
tpc_bkg,071924,071924,2025-02-07 09:52:41.636,2025-02-07 10:45:03.381,1
th232_tpc_nv,071985,072007,2025-02-10 09:24:37.988,2025-02-10 14:54:46.224,20
tpc_bkg,072014,072031,2025-02-10 16:07:12.615,2025-02-11 10:13:47.222,2
neutron_generator_TPC_NV_linked,072045,072216,2025-02-11 14:13:28.432,2025-02-13 09:32:25.587,129
background_linked,072213,072214,2025-02-13 06:17:12.738,2025-02-13 08:33:56.066,2
neutron_generator_TPC_NV_linked_busy_v10,072220,072631,2025-02-13 09:53:23.458,2025-02-17 13:42:56.257,294
background_linked,072422,072454,2025-02-15 02:28:09.888,2025-02-15 21:55:49.186,11
neutron_generator_TPC_NV_linked,072632,073377,2025-02-17 13:43:48.591,2025-02-24 08:22:58.868,580
neutron_generator_TPC_NV_linked_busy_v10,072754,072754,2025-02-18 16:44:55.694,2025-02-18 16:51:12.184,1
tpc_bkg,073386,073416,2025-02-24 09:46:15.906,2025-02-25 10:02:57.776,8
background_linked,073388,073422,2025-02-24 09:53:26.227,2025-02-25 14:47:27.218,12
neutron_generator_TPC_NV_linked,073424,073426,2025-02-25 14:49:50.027,2025-02-25 15:21:44.676,2
tpc_bkg,073617,073684,2025-02-27 09:36:36.170,2025-02-28 10:16:56.887,6
background_linked,073648,073733,2025-02-27 15:45:47.151,2025-03-03 08:34:24.861,58
tpc_kr83m,073734,073822,2025-03-03 08:38:24.471,2025-03-04 10:02:07.165,48
tpc_ar37,073823,074187,2025-03-04 10:03:17.870,2025-03-08 18:26:41.021,199
